Idade;TotalProducoesScholar;TotalCitacoesScholar;IndiceHScholar;I10Scholar;TotalProducoesScopus;TotalRefScopus;TotalCitacoesScopus;TotDocCitScopus;IndiceHScopus;TotalProducoesWOS;TotalCitacoesWOS;TotDocCitWOS;IndiceHWOS;TotalProducaoA1;TotalProducaoA2;TotalProducaoB1
30;39;215;9;7;16;653;60;47;5;9;35;26;4;4;0;2
32;50;200;7;5;26;421;60;52;4;20;41;36;4;7;1;4
32;12;59;3;3;10;293;50;43;3;9;48;41;3;0;1;2
33;31;363;7;6;29;367;269;246;7;14;263;239;7;0;0;0
33;48;576;11;14;29;989;259;252;8;13;101;97;5;2;4;2
33;12;134;7;5;9;474;91;84;6;9;74;69;5;0;1;0
33;11;6;1;0;6;60;0;0;-1;6;1;1;1;0;0;6
33;37;151;8;5;17;198;32;25;3;12;27;18;4;8;1;10
33;8;20;3;0;5;87;5;4;1;4;6;5;1;2;0;0
33;23;21;3;0;9;86;12;9;2;3;5;5;2;0;0;5
34;84;488;11;13;41;1749;369;284;9;38;330;268;9;9;33;33
34;30;22;2;1;3;52;4;4;1;2;4;4;1;0;3;0
34;98;401;11;13;43;524;275;132;10;29;308;145;10;0;6;0
34;17;229;6;5;12;111;56;34;3;3;19;16;2;0;4;0
34;12;675;6;6;8;462;491;478;5;9;454;442;6;3;0;1
34;8;135;5;4;10;307;181;166;6;7;80;71;4;0;0;2
35;18;49;3;1;4;101;15;15;3;4;9;9;2;0;0;1
35;42;458;9;8;30;211;277;185;6;21;230;155;6;36;0;12
35;30;64;5;2;11;101;21;17;3;8;18;15;3;1;0;0
35;71;860;16;24;50;1393;520;446;12;25;240;222;7;12;28;36
35;52;293;10;10;12;165;46;41;4;3;4;4;2;3;3;1
35;45;192;10;10;24;358;60;40;4;10;35;22;4;0;0;2
35;87;754;15;24;46;1394;462;410;12;62;545;480;13;24;18;20
35;24;106;5;3;7;-1;24;15;2;15;62;35;5;12;8;8
35;96;6026;32;51;80;2514;4749;3852;30;80;4833;3899;31;64;0;16
35;23;343;11;12;15;395;250;208;9;13;198;166;9;0;0;0
36;54;59;5;1;7;52;0;0;-1;2;1;1;1;0;0;0
36;39;273;9;8;17;593;189;172;7;7;123;116;5;0;3;0
36;66;1091;20;40;58;1822;839;658;17;56;756;588;17;6;24;3
36;7;60;5;3;8;131;18;14;3;3;7;7;2;0;3;3
36;39;370;9;8;21;266;234;166;8;16;190;138;7;20;0;0
36;40;134;6;4;13;145;22;17;3;9;5;5;1;0;1;0
36;64;285;10;10;40;1140;237;159;9;27;190;147;8;2;2;3
36;40;439;13;16;24;744;325;245;13;16;267;203;10;2;6;4
36;23;94;5;2;4;133;30;28;3;4;28;27;3;0;0;0
36;16;89;5;5;8;186;43;33;4;7;35;26;4;0;0;0
36;43;137;6;4;21;283;51;37;4;10;16;11;2;0;0;2
36;77;7102;21;30;10;162;133;130;5;36;4901;4132;18;0;36;0
36;23;40;4;1;5;171;10;10;2;5;6;6;1;0;1;0
36;29;297;11;12;17;291;143;99;8;10;144;101;8;0;8;0
37;28;856;11;11;18;781;586;487;10;14;502;416;9;4;8;2
37;81;248;8;8;12;417;60;59;5;8;69;67;5;2;0;0
37;55;264;8;6;21;291;128;97;6;17;89;68;5;0;6;0
37;47;448;12;13;26;623;308;281;10;19;291;265;10;2;4;6
37;26;59;4;1;10;86;12;11;2;5;8;6;2;12;0;0
37;169;1011;19;31;68;993;221;178;8;33;130;102;6;0;28;0
37;73;84;5;2;32;363;45;25;4;11;22;16;3;0;0;0
37;63;1002;18;25;41;1325;674;481;15;39;608;434;15;3;3;9
37;61;127;6;5;38;408;63;54;5;15;36;26;4;2;0;2
37;45;645;14;17;27;1127;452;366;12;24;391;309;11;1;0;0
37;58;278;9;8;143;1520;1170;362;21;17;156;82;8;3;6;0
37;47;183;8;7;23;399;108;89;6;2;3;3;1;0;1;3
37;58;1924;17;32;47;1306;1433;1138;15;45;1350;1061;14;0;0;2
37;90;636;11;13;45;612;250;215;6;1;1;1;1;0;0;2
37;40;1709;23;32;36;1732;1282;991;21;1;1;1;1;2;2;2
38;84;1126;22;30;54;1318;643;428;16;56;604;403;17;0;12;30
38;74;1863;23;41;66;2929;1295;926;20;43;1055;776;20;7;7;0
38;26;40;4;0;7;134;3;3;1;1;0;-1;0;0;0;0
38;247;1693;23;49;49;831;151;123;7;18;77;61;5;0;4;0
38;14;9;1;0;7;134;8;7;2;5;4;4;1;0;0;0
38;122;382;7;7;40;455;67;66;4;11;10;10;1;0;6;0
38;126;536;12;17;43;969;75;68;5;18;36;26;4;0;8;4
38;33;416;9;9;14;323;234;176;8;10;178;140;8;1;0;0
38;59;178;6;6;10;491;30;29;3;13;57;54;4;0;1;0
39;32;331;11;12;16;769;131;123;7;4;11;10;2;6;3;6
39;52;1902;18;24;41;1222;1424;1045;15;40;1332;977;15;12;54;12
39;80;370;10;10;37;430;150;103;7;26;93;63;5;3;0;0
39;156;8437;39;68;45;1166;867;628;14;100;4052;2107;29;5;16;2
39;48;584;12;15;20;826;234;194;8;17;173;140;7;0;25;10
39;87;251;9;8;32;708;40;40;4;17;7;7;1;3;3;0
39;15;322;4;3;4;131;206;206;3;2;15;15;1;0;0;0
39;174;649;14;20;83;1296;136;106;6;26;28;28;3;0;30;24
39;49;366;6;5;11;326;209;186;4;9;145;134;4;8;0;0
39;12;35;4;1;4;68;4;4;1;2;0;-1;0;2;2;0
39;73;1459;21;39;56;1333;694;373;14;50;452;233;12;0;28;16
39;47;121;6;6;23;271;31;31;3;20;11;11;2;0;3;0
39;124;831;15;26;70;678;424;221;12;40;269;152;11;0;16;28
39;232;1999;24;51;81;1650;393;343;10;15;75;69;6;0;8;8
39;44;824;12;14;32;1152;484;471;10;29;441;431;9;4;2;4
40;63;183;7;5;44;619;81;75;5;8;9;9;2;6;0;9
40;137;757;13;23;100;712;318;246;9;61;156;127;7;6;24;12
40;56;254;9;8;10;213;40;37;3;6;11;11;2;0;0;0
40;69;695;12;15;28;444;369;271;11;24;317;221;10;5;20;0
40;42;315;10;11;28;242;114;89;5;15;109;87;5;30;12;12
40;31;296;10;10;16;525;207;191;7;15;204;186;7;0;0;4
40;82;329;10;12;23;257;104;76;7;10;84;58;7;6;3;0
40;28;339;8;7;18;259;153;140;6;6;66;62;4;0;2;2
40;85;2657;18;30;62;2189;1488;1281;13;38;1050;902;12;4;16;8
40;145;797;16;31;44;710;190;135;8;4;9;9;2;0;0;32
40;58;111;5;2;13;240;64;57;4;1;12;12;1;2;2;0
40;160;1522;19;30;103;1391;540;514;11;16;169;168;5;0;8;12
40;42;201;8;7;26;399;129;49;7;18;92;37;5;4;8;2
40;26;150;4;4;3;62;40;40;1;2;28;28;1;0;0;0
40;24;115;6;4;12;94;48;33;4;7;40;28;4;4;4;0
40;79;739;13;19;43;697;483;303;11;43;500;310;12;0;0;2
40;17;55;4;3;12;118;42;39;3;6;40;36;4;0;0;0
40;97;1454;10;10;29;1068;799;696;9;23;921;740;9;16;8;0
40;9;79;4;3;9;186;21;16;3;7;18;14;3;1;0;1
40;94;936;16;19;38;1837;721;587;15;7;47;39;4;4;8;18
40;45;1368;22;28;30;1076;777;491;17;31;790;510;18;18;6;0
40;43;2287;19;23;32;1434;1744;1235;17;25;1870;1290;17;1;0;1
41;72;165;7;6;24;387;43;35;3;11;17;17;2;0;0;35
41;71;709;12;18;32;697;202;199;7;19;73;73;4;10;10;0
41;71;571;13;21;37;865;253;237;9;14;47;47;5;3;0;18
41;91;238;8;7;37;580;68;51;5;21;25;21;3;0;3;3
41;60;946;16;18;28;1194;556;429;10;26;624;480;12;0;7;0
41;37;65;4;2;12;343;21;20;2;8;11;11;2;0;0;3
41;78;691;12;24;38;372;235;161;8;36;173;112;6;12;12;0
41;125;377;10;10;26;415;21;20;3;5;0;-1;0;0;3;3
41;46;792;14;29;43;1813;542;441;12;48;497;409;11;10;12;12
41;66;835;15;23;17;417;78;63;5;10;51;44;4;12;9;3
41;40;317;8;7;15;282;139;92;6;13;117;70;5;4;2;6
41;30;204;8;8;16;193;90;44;6;16;65;31;5;0;2;2
41;17;92;5;4;9;189;61;60;5;8;50;49;4;0;10;0
41;17;195;6;4;9;234;117;115;4;1;6;6;1;0;0;0
41;37;237;8;7;23;282;92;91;5;8;41;41;2;0;4;0
41;66;756;12;16;195;3418;2355;2098;21;21;236;198;8;20;4;4
41;44;287;9;8;18;231;158;136;6;16;136;115;5;1;0;0
42;41;305;8;7;10;265;82;80;3;4;45;45;2;4;0;0
42;70;693;9;8;48;611;523;344;8;21;354;247;7;8;24;8
42;39;147;4;3;9;105;78;78;3;2;41;41;2;0;0;0
42;33;320;7;6;10;307;254;186;5;9;224;163;5;2;2;0
42;66;179;8;7;11;321;22;18;3;3;5;5;1;12;0;0
42;24;81;4;3;6;165;7;6;2;1;0;-1;0;0;0;0
42;69;835;14;21;42;506;463;387;11;34;471;399;10;0;2;0
42;209;2307;25;50;84;2102;1641;1063;23;75;1415;924;21;16;36;20
42;93;836;12;14;46;508;420;358;9;32;373;320;9;0;0;3
42;138;723;14;24;57;905;140;120;6;14;42;39;3;0;0;0
42;99;386;9;9;19;249;127;126;5;8;76;75;4;12;0;0
42;208;8535;47;88;117;4480;6569;4754;41;151;6150;4439;41;78;6;36
42;48;391;9;6;28;418;171;161;5;14;90;88;4;3;0;12
42;66;2348;25;35;38;1452;1352;1174;22;36;1180;1018;22;10;5;0
42;80;529;14;21;63;1281;427;232;11;62;422;226;12;24;20;24
42;20;119;6;4;14;165;66;56;4;13;73;60;5;0;8;0
42;79;845;15;22;45;1415;593;526;14;44;584;522;12;0;3;2
43;144;1386;21;38;72;2450;1065;867;17;74;1028;833;18;15;55;30
43;26;41;4;1;9;63;3;3;1;5;2;2;1;0;6;12
43;188;1774;20;30;113;1349;986;770;18;70;747;584;15;14;42;7
43;148;1989;25;42;75;1277;1303;692;23;65;1583;789;23;3;9;12
43;129;3079;22;37;31;544;519;493;9;7;206;200;4;0;4;4
43;88;454;13;15;24;682;276;260;9;14;229;216;9;9;0;24
43;133;553;11;14;43;748;209;190;7;15;135;125;5;9;6;6
43;190;1152;19;39;90;819;519;398;13;49;267;219;9;15;15;5
43;72;496;14;22;22;952;164;109;8;6;44;40;4;0;18;12
43;125;1974;28;60;95;2230;1286;776;22;92;1285;761;22;21;24;9
43;107;866;17;35;69;1593;699;546;14;64;606;477;14;16;48;56
43;38;276;9;8;78;1478;740;640;16;31;177;140;8;0;12;0
43;30;294;12;12;23;874;203;149;10;19;189;137;10;1;1;1
43;77;571;13;16;27;848;201;179;8;20;165;155;8;0;4;12
43;141;1357;23;46;99;2853;755;439;17;90;678;357;16;8;32;84
43;69;399;12;13;47;553;160;135;8;12;81;70;7;8;4;0
43;80;1665;18;24;84;1591;773;526;15;58;1220;1093;17;0;15;18
43;62;584;14;18;28;759;367;318;10;27;403;333;10;0;15;0
44;26;173;6;3;6;185;68;68;2;1;1;1;1;0;0;6
44;185;433;11;13;7;107;20;19;2;2;0;-1;0;2;6;6
44;566;42432;107;283;257;5097;16822;7675;68;352;21873;8415;78;135;275;20
44;48;183;6;5;13;488;39;38;2;7;24;24;1;0;2;0
44;123;1753;22;34;62;1376;1190;815;19;28;833;579;17;27;0;12
44;16;111;3;1;9;152;34;33;2;2;0;-1;0;0;5;0
44;9;7;1;0;2;32;2;2;1;2;2;2;1;0;2;0
44;72;144;7;4;19;212;19;16;3;14;14;13;3;0;2;0
44;34;211;7;6;7;250;16;16;2;3;5;5;1;0;0;0
44;131;1553;19;31;56;2029;1270;1043;18;54;1119;907;17;3;15;9
44;19;416;11;12;19;855;302;284;9;21;295;275;10;6;4;0
44;28;80;5;3;4;44;7;7;1;1;4;4;1;0;1;0
44;39;115;6;3;18;320;86;79;5;16;67;63;5;12;0;18
44;3;1;1;0;7;123;9;8;2;16;34;33;4;5;0;0
44;145;2348;26;59;104;2936;1644;1075;22;107;1640;1065;22;88;56;56
44;47;524;13;16;48;833;361;263;9;46;328;242;9;45;30;0
44;89;300;10;10;18;322;75;69;5;1;3;3;1;0;24;0
44;32;296;10;11;14;148;76;40;6;13;90;42;5;0;0;3
44;114;3410;31;59;86;2560;2698;2135;30;78;2486;1960;29;63;42;49
44;107;1565;21;27;43;470;895;619;15;40;707;480;12;0;0;6
44;90;475;13;15;38;630;332;219;11;27;247;160;10;10;0;5
44;110;509;12;20;59;711;405;291;11;46;380;278;11;0;20;8
44;111;2333;23;47;83;1618;1050;833;14;52;523;441;12;20;20;10
44;51;660;15;18;31;486;414;379;11;27;404;360;11;0;0;2
44;98;1545;26;40;3;87;70;62;3;58;1305;594;25;0;0;4
45;204;1456;16;38;120;1724;572;490;11;96;422;370;8;30;54;48
45;62;922;18;26;38;943;494;250;13;33;472;247;12;0;0;70
45;123;1814;15;25;21;727;60;60;3;8;35;34;3;0;0;7
45;94;685;13;23;71;747;232;170;8;2;0;-1;0;28;0;16
45;87;562;12;14;54;405;177;160;6;49;149;135;6;4;12;0
45;120;3906;30;56;88;2580;2658;2036;27;89;2965;2259;28;13;16;10
45;14;87;4;3;5;343;53;51;3;5;50;48;3;0;0;0
45;23;346;10;11;18;440;293;264;10;18;256;226;9;0;2;0
45;168;1118;17;33;97;977;439;346;10;79;317;261;9;10;10;0
45;83;777;15;16;60;682;559;332;12;53;503;296;12;5;0;15
45;79;1133;17;25;70;550;808;533;16;39;711;484;14;3;12;0
45;129;303;8;5;57;618;219;200;7;23;49;46;3;6;6;0
45;14;118;6;4;12;375;62;58;4;11;44;42;3;2;4;0
45;135;478;10;11;49;736;99;98;5;21;52;52;3;0;0;0
45;92;827;15;26;40;589;155;122;7;13;35;32;4;5;5;5
45;36;417;12;13;20;429;226;192;8;19;211;179;9;0;0;15
45;23;62;4;2;8;114;19;17;2;13;30;25;2;18;6;6
45;101;606;13;16;56;898;188;155;6;15;34;27;4;0;0;8
45;111;4565;29;51;68;1151;2520;1865;20;63;2382;1700;21;42;35;28
45;216;3991;37;103;144;4233;2816;1881;31;30;505;398;14;40;90;55
45;58;212;7;5;13;233;88;75;4;11;69;60;3;2;4;0
45;217;3093;34;80;134;3657;2260;1455;30;162;2126;1350;27;0;24;44
45;57;651;13;15;26;1047;446;384;10;34;419;356;9;4;4;2
45;65;432;14;16;34;297;76;49;4;18;40;34;3;0;0;0
45;107;815;16;30;50;1068;465;301;12;65;637;347;15;0;72;4
45;111;1453;19;27;59;1236;1070;856;17;45;949;762;16;8;20;20
46;25;109;6;5;17;181;47;37;4;11;29;27;3;0;0;0
46;162;978;14;22;11;456;51;50;4;5;20;20;2;20;5;5
46;221;2721;25;51;125;1166;1688;1199;21;108;1653;1192;19;0;15;0
46;39;375;9;8;3;80;26;26;3;11;143;127;5;6;0;0
46;75;372;10;12;27;1271;251;185;10;23;230;166;9;2;2;2
46;71;498;10;11;15;243;194;181;6;16;144;135;6;4;12;8
46;91;357;11;12;38;577;156;134;8;25;124;107;7;3;3;9
46;214;2081;21;45;106;1637;1141;705;16;94;833;478;14;56;120;48
46;84;335;11;11;13;346;59;34;5;4;24;17;3;0;0;0
46;172;1422;22;34;36;485;416;296;14;24;317;235;14;16;4;0
46;40;174;8;7;16;402;125;110;7;16;125;104;7;0;0;0
46;180;1467;19;36;92;1797;595;445;11;50;333;237;9;16;72;8
46;47;442;13;13;24;1165;282;223;11;1;2;2;1;16;4;8
46;72;421;10;12;40;495;159;146;6;14;100;92;5;6;3;6
46;17;70;4;2;7;121;7;7;1;7;27;23;3;0;6;3
46;114;582;13;17;64;838;328;303;10;45;254;235;9;1;3;0
46;287;17891;67;127;215;6453;7024;3624;45;175;7128;3423;46;12;24;1
47;81;2244;26;38;49;1154;1399;927;20;48;1468;969;21;5;30;5
47;78;1800;16;21;27;415;1041;816;15;24;953;757;14;15;0;0
47;96;540;14;20;7;114;28;27;3;5;20;12;2;0;0;5
47;225;4430;30;70;120;1926;1493;1299;18;94;942;838;14;18;12;6
47;38;553;14;20;33;691;400;299;13;32;390;288;13;0;10;5
47;24;1017;11;13;22;932;740;676;11;21;721;659;11;20;0;8
47;18;26;2;1;5;72;0;0;-1;5;1;1;1;0;0;0
47;101;738;13;16;2;43;24;24;2;14;210;190;7;5;10;0
47;50;327;12;12;20;548;148;122;7;11;108;90;6;9;3;0
47;30;1029;12;12;13;354;194;188;5;17;602;495;11;0;12;2
47;35;162;8;8;11;595;51;41;4;4;5;5;1;0;4;0
47;91;154;6;3;13;232;46;40;4;2;3;3;1;6;6;0
47;79;320;10;10;11;277;41;41;4;8;7;7;2;0;4;8
47;28;522;13;16;23;558;237;220;8;16;216;202;8;0;0;0
48;45;169;7;3;16;353;41;38;3;4;22;22;2;0;0;0
48;54;527;12;14;23;389;168;153;8;9;98;88;7;14;7;0
48;191;2966;28;63;162;1645;1710;1291;23;93;2102;1709;23;0;4;36
48;157;746;14;25;69;802;265;249;9;39;135;128;7;6;0;24
48;121;735;11;15;1;16;0;0;-1;1;0;-1;0;3;0;12
48;218;3631;33;82;131;3732;2618;1952;27;4;8;8;2;36;64;64
48;37;133;6;3;26;257;49;42;2;4;22;21;2;3;3;0
48;254;1193;19;40;72;2345;581;385;14;35;340;245;11;12;8;68
48;87;6041;40;55;66;2657;4430;3393;37;64;4195;3213;38;12;0;24
48;73;931;18;30;61;938;760;641;16;57;677;576;15;0;0;20
48;45;696;15;22;59;1744;573;493;13;55;531;462;12;8;120;56
48;55;1012;14;18;26;426;517;376;9;20;412;297;9;10;10;15
48;117;1374;14;17;21;817;620;609;6;2;0;-1;0;8;8;8
48;80;1340;21;32;38;626;770;619;17;9;46;44;4;0;0;0
49;256;3376;29;78;101;1645;937;756;14;22;53;50;4;0;32;48
49;116;1023;17;30;71;794;502;373;12;55;308;230;9;22;55;0
49;78;360;11;14;33;274;128;67;7;5;9;7;2;0;0;0
49;70;443;10;11;33;683;62;58;4;14;28;23;2;2;0;2
49;98;427;13;16;50;850;302;179;10;48;301;171;11;0;15;10
49;117;2697;30;62;103;2875;1811;905;24;99;1998;950;25;0;40;16
49;64;584;15;23;33;381;244;152;10;28;233;137;10;7;35;0
49;325;4291;36;115;209;2919;2451;1329;26;171;1919;1059;22;84;105;63
49;69;880;18;23;40;1752;504;407;16;38;481;390;15;0;20;40
49;69;342;11;12;13;655;35;32;4;13;24;22;3;21;21;21
49;117;494;11;15;56;792;368;296;10;49;307;245;10;0;0;0
49;119;459;12;15;29;479;180;168;7;4;23;23;2;0;0;12
49;59;543;14;18;13;349;73;68;4;10;82;73;4;38;0;57
49;373;1282;15;34;129;1060;331;305;9;125;159;151;6;30;5;5
49;38;333;9;8;16;672;199;168;7;7;18;15;3;0;0;2
49;137;1381;21;48;79;1912;1010;657;20;91;817;518;17;20;84;60
49;38;206;10;10;10;380;74;62;5;5;5;5;1;0;10;0
49;75;492;11;14;33;752;344;293;11;3;3;3;1;0;0;3
49;121;870;12;15;61;929;277;256;7;9;57;57;3;3;12;15
50;67;593;12;15;46;464;234;226;7;30;185;177;6;0;50;30
50;81;731;12;15;43;626;348;317;9;34;237;220;7;18;0;18
50;21;70;5;1;12;125;26;25;3;9;20;18;3;9;0;0
50;18;94;7;5;11;148;21;16;3;11;20;17;3;0;30;10
50;134;674;13;18;9;194;11;11;2;2;0;-1;0;0;0;0
50;49;553;14;15;22;631;132;127;7;22;109;108;6;12;0;9
50;95;3219;23;32;30;374;625;551;9;2;4;4;1;0;0;0
50;99;277;10;10;38;557;53;47;4;18;21;20;3;0;5;10
50;213;1064;18;33;60;1214;332;252;11;32;233;172;9;20;12;24
50;47;165;8;7;14;342;73;67;6;9;52;47;5;0;0;5
50;39;231;7;7;18;529;88;86;5;5;24;24;2;0;0;4
50;64;562;13;15;35;715;373;338;10;17;262;233;8;15;5;15
50;125;2499;28;68;101;1683;1711;996;24;99;1528;888;22;2;5;5
50;68;142;5;3;8;201;32;29;3;14;40;35;4;0;0;0
50;243;1034;14;25;88;1308;181;161;6;42;63;59;3;0;18;0
50;111;2037;23;42;71;1960;1381;1180;20;11;27;27;3;0;16;24
50;272;1468;19;43;92;1236;238;212;9;19;26;26;3;0;9;12
50;51;1612;17;23;32;943;1109;984;15;31;1060;948;15;8;4;4
50;380;1630;22;57;13;310;41;32;4;2;0;-1;0;0;2;3
51;38;68;4;1;1;-1;0;0;-1;5;6;5;1;16;8;0
51;164;2134;18;38;9;152;173;169;4;18;21;21;3;0;12;18
51;191;7197;37;98;159;4307;5299;3445;33;142;4805;3143;30;63;99;81
51;35;407;7;5;11;148;208;202;4;7;149;144;4;8;0;0
51;77;427;10;11;160;1953;778;598;15;3;12;12;1;0;0;0
51;98;1172;17;25;46;700;490;437;10;26;375;348;8;0;0;10
51;451;6106;33;118;233;3228;2011;1780;21;142;1245;1131;14;42;54;24
51;98;596;13;20;63;996;485;325;11;53;413;264;10;5;5;30
51;55;3034;15;17;34;916;2207;1764;14;22;2016;1634;13;12;0;0
51;169;1118;19;36;104;1450;834;662;16;7;9;9;2;0;2;7
51;83;1989;24;34;38;1664;1148;876;18;29;963;751;17;20;60;10
51;50;131;5;3;30;580;185;182;5;1;0;-1;0;0;0;0
51;112;1387;24;38;85;1507;901;537;18;1;0;-1;0;0;20;12
51;182;289;11;11;38;454;132;87;7;23;88;53;6;0;0;0
51;109;5831;29;50;52;1197;1815;1411;18;32;1414;1047;15;6;0;0
51;126;563;12;16;33;830;27;25;3;12;13;12;2;0;9;0
51;361;3346;27;82;59;2095;226;195;8;5;4;4;1;27;54;0
51;97;532;10;10;31;394;195;192;6;24;120;118;5;0;0;0
51;154;710;14;21;113;972;482;418;12;83;430;361;10;12;16;4
51;108;533;11;14;70;540;327;274;9;39;228;198;8;0;13;0
51;30;1230;8;8;16;673;811;801;6;13;783;774;6;1;0;0
51;71;1868;18;44;3;44;2;2;1;73;919;685;14;49;49;7
51;46;100;6;4;16;256;46;40;4;11;43;37;4;0;6;24
52;39;247;10;10;26;673;191;165;9;21;146;134;8;48;0;8
52;45;391;9;8;34;236;235;214;8;27;211;198;8;9;9;0
52;211;793;13;23;58;1380;128;118;6;31;55;53;3;0;18;0
52;66;414;11;14;56;1101;269;248;8;47;224;207;7;80;10;0
52;75;882;8;5;41;300;86;79;4;1;0;-1;0;0;14;0
52;131;3184;30;59;97;2075;2353;1432;24;84;2165;1327;24;21;21;56
52;54;198;6;5;20;313;73;72;5;5;29;28;3;0;0;0
52;48;626;12;16;19;377;271;201;9;32;231;166;8;0;0;8
52;230;1517;13;26;78;1169;120;94;5;9;1;1;1;5;5;0
52;184;955;17;29;135;1417;754;634;14;130;697;593;14;0;0;30
52;130;1536;20;41;64;1092;537;357;13;51;316;218;10;7;42;7
52;87;665;8;6;32;505;219;218;6;12;125;125;5;0;0;9
52;196;5009;35;63;54;1821;2350;1522;23;6;19;19;3;16;48;8
52;324;13344;60;105;169;3400;5364;2804;42;7;167;167;3;70;203;14
52;192;2322;24;76;124;3101;1459;1023;19;152;1550;1112;18;30;36;78
52;67;891;16;24;48;976;535;493;13;38;387;358;12;0;0;6
52;189;1596;21;43;75;1077;848;613;16;55;827;604;17;42;0;0
52;152;553;10;11;5;89;78;77;2;5;58;57;2;12;4;4
52;101;224;8;5;39;547;78;73;5;25;53;52;3;3;6;6
52;62;254;10;10;40;579;132;94;7;14;30;27;3;3;9;6
52;87;157;7;4;33;521;5;5;1;8;0;-1;0;0;18;0
52;186;1172;19;40;116;1172;681;591;15;41;374;317;12;0;10;5
52;89;896;17;22;49;952;412;355;13;31;309;279;11;4;0;0
52;215;1424;20;54;99;978;626;359;13;29;70;58;5;20;25;10
52;103;2361;19;30;43;507;785;737;11;37;611;604;6;20;0;10
52;251;7791;52;116;56;1864;1043;886;20;154;3449;2590;35;36;6;0
52;99;377;9;9;3;50;4;4;1;10;29;29;2;0;5;0
52;213;4680;36;91;129;2316;3240;2619;32;4;40;40;1;21;49;7
52;143;3422;33;54;64;2308;2097;1458;27;2;12;12;2;3;2;0
52;105;3456;33;56;79;1469;1747;769;24;70;1879;792;24;0;14;0
52;199;450;9;8;45;971;161;123;7;20;92;77;6;24;6;24
52;188;939;15;30;103;1161;741;552;14;75;573;414;13;0;5;7
52;114;967;14;18;65;1143;511;412;12;46;359;284;10;15;0;10
52;227;2215;27;54;85;1478;1164;913;20;81;976;780;18;5;0;0
53;81;1267;18;25;44;1526;780;704;14;36;696;621;13;24;8;20
53;103;782;15;24;5;64;2;2;1;20;77;56;4;0;5;0
53;136;2091;25;67;133;1536;1134;744;19;113;1129;720;19;0;16;16
53;230;4296;30;52;66;1805;2189;1584;19;52;2008;1465;18;145;0;29
53;43;370;12;13;23;204;114;63;7;16;93;57;6;0;14;7
53;50;186;9;6;5;-1;12;12;2;22;16;16;3;0;8;8
53;340;5160;40;113;157;4583;3082;1799;31;167;3268;1879;32;72;36;48
53;161;485;10;10;102;707;241;182;8;34;103;94;5;0;24;8
53;210;2488;28;68;103;1080;732;501;17;88;704;468;15;0;14;77
53;153;1987;21;41;91;1535;763;636;13;60;409;335;11;0;35;0
53;79;439;12;15;54;860;322;297;9;46;315;290;9;0;8;40
53;159;1056;19;31;83;1187;553;270;16;66;452;210;14;30;40;5
53;114;647;14;20;78;1043;520;445;12;73;468;403;12;8;4;28
53;2923;19039;56;446;10;289;44;44;3;3;4;4;2;0;8;0
53;46;401;12;12;24;687;303;275;10;21;276;251;9;4;6;6
53;94;845;16;22;34;993;380;269;11;23;333;243;11;4;24;16
53;157;924;17;27;70;1231;320;274;9;55;220;197;7;0;42;6
53;66;398;10;11;14;345;76;67;5;8;62;55;5;6;0;12
53;93;1626;19;34;44;936;620;366;14;5;3;3;1;8;0;16
53;167;1684;22;54;76;2763;675;465;14;29;323;249;10;2;8;16
53;103;330;10;10;31;298;112;95;6;1;0;-1;0;18;18;0
53;155;2005;22;41;59;1282;327;275;8;13;150;137;5;0;0;12
53;108;1484;19;42;45;1630;463;411;11;41;421;368;11;0;20;28
53;186;836;18;31;129;1823;1626;1338;18;74;548;430;15;0;6;18
53;188;1410;17;36;119;897;778;646;15;79;474;410;12;49;0;14
53;134;705;14;24;55;649;271;203;10;14;49;39;5;0;56;0
53;32;196;9;9;20;589;130;99;7;16;125;89;7;0;0;0
54;654;10068;43;190;269;5364;4375;3408;31;274;3066;2293;26;9;126;72
54;84;205;7;6;63;870;184;169;7;2;4;4;1;10;0;10
54;86;1776;21;39;65;1782;1427;1022;17;71;1479;1044;18;14;7;7
54;189;1432;21;49;1;-1;0;0;0;15;25;23;3;0;0;0
54;279;3783;29;64;88;1051;424;371;9;48;266;224;9;0;0;13
54;105;454;10;12;11;277;59;49;4;11;45;37;4;6;0;0
54;87;503;9;8;17;433;35;31;4;13;34;31;4;36;0;45
54;176;4724;37;83;24;1032;341;306;11;57;2121;1642;23;28;16;12
54;116;2584;29;52;75;2217;1919;1543;24;76;1841;1462;24;6;42;18
54;26;239;7;7;11;148;75;70;3;11;97;88;7;8;0;0
54;75;273;9;9;35;467;121;87;6;23;84;66;6;42;0;6
54;93;1147;18;28;34;756;495;338;12;32;433;277;11;0;9;0
54;133;580;13;18;11;145;30;30;3;15;43;42;3;0;0;0
54;30;430;9;9;3;37;9;9;1;4;14;14;1;6;6;6
54;157;1766;19;31;80;795;1015;794;14;50;776;596;14;84;0;28
54;144;2493;27;65;81;1660;1544;1237;24;78;1335;1070;22;3;6;1
54;100;3012;22;39;58;1956;2107;1667;19;60;2087;1654;18;12;12;0
54;113;1429;19;34;65;1318;828;691;14;64;910;778;15;0;3;21
54;45;200;8;7;18;266;57;48;3;2;0;-1;0;0;0;8
54;124;2407;29;60;76;1574;1731;1295;23;75;1605;1222;23;18;54;60
54;115;748;13;19;35;891;290;254;10;7;19;18;3;6;0;6
54;114;346;9;8;46;712;201;194;7;29;127;123;5;0;0;10
54;80;1048;13;16;27;601;651;529;11;26;607;491;11;3;0;3
54;122;1341;21;40;30;1146;387;307;12;3;38;38;2;20;0;0
54;187;2394;29;66;91;1906;1446;1085;24;3;46;46;2;7;56;7
54;55;516;14;16;21;498;215;193;9;7;56;56;4;8;10;0
54;405;3801;29;89;172;1912;808;626;16;99;280;222;8;25;5;10
54;341;1845;23;61;155;1865;1173;795;18;134;1290;857;20;6;18;18
54;42;261;9;9;63;935;552;382;13;7;12;12;2;0;15;10
54;24;48;5;1;6;97;13;12;2;3;0;-1;0;0;0;5
54;157;2158;28;74;122;3234;1660;1209;24;123;1528;1108;22;72;90;72
54;64;171;9;7;57;603;292;251;9;52;189;158;7;0;0;5
55;133;1250;19;33;34;1129;297;221;9;19;92;69;6;40;8;16
55;33;200;7;5;17;216;39;31;4;3;11;8;2;0;0;8
55;131;1262;20;31;60;1036;755;547;15;11;94;85;4;45;0;18
55;68;489;8;7;9;264;67;63;4;2;15;14;2;0;0;0
55;145;411;9;9;39;560;78;57;4;16;42;32;4;0;9;18
55;22;167;9;8;0;-1;0;0;-1;1;3;3;1;0;6;0
55;122;2063;27;62;101;2024;1461;1092;24;99;1328;975;22;0;35;28
55;57;310;10;10;26;192;108;97;4;1;0;-1;0;0;0;9
55;18;24;1;1;4;56;15;15;1;1;0;-1;0;0;0;8
55;40;124;6;4;25;173;54;46;4;1;3;3;1;0;8;0
55;12;50;3;2;6;69;32;32;2;2;1;1;1;0;0;7
55;97;858;13;16;33;501;406;343;11;17;235;194;7;18;0;0
55;138;3976;34;77;102;5009;2780;1876;29;99;2591;1696;28;32;40;24
55;107;372;7;4;33;305;141;141;3;14;90;90;1;6;30;12
55;18;134;5;2;12;237;69;67;4;7;57;56;4;3;9;0
55;60;641;13;18;33;1105;341;282;11;32;291;242;10;4;8;4
55;212;1758;24;60;76;2570;795;503;17;14;43;40;4;25;125;325
55;55;1085;16;23;35;904;943;792;15;31;874;740;15;8;16;12
55;107;1795;26;49;70;2158;1012;635;20;67;941;592;20;10;10;70
55;279;2567;29;55;124;1933;1903;1158;23;130;2036;1196;24;0;60;6
55;39;803;11;11;6;94;37;37;4;3;9;9;2;0;0;18
55;144;524;10;11;22;533;90;79;5;8;20;20;3;14;0;14
55;241;4769;42;99;149;2610;3231;2354;35;141;3321;2511;35;52;91;52
55;133;2647;27;54;75;2923;1501;1248;19;72;1335;1106;19;48;24;12
55;166;938;11;13;47;583;346;312;6;24;283;258;6;7;0;7
55;61;2113;10;10;32;1289;1171;1094;7;29;833;770;7;0;8;8
55;253;2495;29;69;105;3087;1911;1526;26;48;458;417;11;7;168;63
55;68;359;10;12;7;-1;35;31;2;45;255;200;8;0;2;3
56;294;1612;25;49;58;985;578;395;15;45;471;315;14;0;15;12
56;262;6247;42;85;91;3576;3342;2618;31;78;3009;2408;29;10;12;8
56;41;503;9;9;19;296;204;191;6;12;93;93;3;0;0;9
56;93;348;7;6;11;142;14;13;2;2;4;4;2;0;0;0
56;115;842;16;20;62;1609;657;506;15;62;653;502;14;6;48;36
56;264;4166;36;103;143;2352;2710;1676;29;163;2489;1512;28;15;30;55
56;71;256;9;7;31;184;132;120;7;15;43;40;3;0;0;7
56;198;3627;33;78;115;2913;2707;2238;28;114;2708;2234;27;10;20;10
56;18;138;3;3;7;83;15;12;2;2;0;-1;0;0;0;0
56;69;243;10;12;43;324;110;56;6;28;58;37;4;0;49;7
56;169;1169;19;35;77;636;277;259;10;35;151;143;7;20;10;0
56;142;1486;22;46;95;1765;1030;784;18;82;923;705;16;90;30;0
56;72;783;16;22;44;388;311;183;11;1;1;1;1;28;0;28
56;44;128;7;4;15;168;36;31;4;10;25;19;3;0;0;0
56;697;13194;55;333;509;11415;9428;5466;47;1;10;10;1;126;396;216
56;129;2310;21;44;65;569;933;610;13;72;984;597;14;0;0;24
56;112;3179;19;29;63;904;2148;1507;14;38;1822;1342;13;0;0;22
56;244;1559;20;41;75;1306;253;212;9;39;89;78;6;0;0;0
56;193;2148;24;39;128;1161;1211;763;18;70;917;603;16;0;10;25
56;136;666;13;21;8;278;90;87;5;4;11;10;2;0;0;28
56;79;456;12;16;45;765;155;124;7;12;53;50;3;6;18;0
56;149;5526;36;73;90;2066;1736;1263;23;69;1717;1228;24;45;105;25
56;226;1628;21;29;34;883;51;49;5;8;7;7;1;0;0;0
56;129;2534;30;57;77;2666;1431;981;22;55;1211;833;21;0;10;85
56;165;1606;20;51;43;1658;363;268;10;11;18;16;2;0;88;72
56;50;255;8;6;12;268;139;121;5;10;125;108;5;3;0;3
56;149;1712;19;28;47;1405;884;741;12;22;88;70;6;60;5;20
56;44;107;6;3;66;1710;1088;786;20;12;2;2;1;0;0;0
56;291;3289;31;87;113;2556;1979;1576;24;157;2369;1842;26;108;342;324
56;433;3423;31;80;112;2609;2316;1568;27;106;2300;1580;26;51;34;68
56;56;522;10;10;33;227;333;309;7;25;225;208;7;0;54;18
56;212;2238;26;63;163;1396;1816;900;25;9;75;67;4;0;36;81
56;87;743;15;23;36;460;185;156;8;13;58;57;5;0;0;0
56;120;912;14;24;33;482;237;208;9;20;156;138;7;46;0;0
56;345;6258;40;132;224;5445;4629;3675;35;221;4334;3420;33;24;60;36
56;178;739;14;20;55;716;148;110;6;38;72;54;5;6;12;12
56;43;346;8;7;19;122;145;145;3;12;95;95;3;10;0;0
56;260;3434;30;81;63;1290;787;685;15;50;623;540;15;25;15;10
56;133;1108;19;28;33;1020;698;623;18;37;614;554;16;14;7;7
57;130;1383;19;39;72;1626;685;569;13;68;531;427;11;12;12;72
57;147;1287;14;25;38;654;47;41;4;4;13;13;2;0;0;0
57;226;1211;16;28;88;1173;297;227;8;57;150;118;6;0;12;12
57;43;239;8;7;16;359;51;51;4;13;39;39;3;0;0;0
57;96;399;9;9;32;716;118;104;6;29;83;75;5;0;0;0
57;139;4883;32;55;97;731;1190;894;20;67;1932;1221;23;28;14;0
57;136;416;11;12;35;565;138;134;7;23;92;91;6;0;0;14
57;270;1451;18;37;100;1330;1171;717;16;117;1246;767;16;0;0;4
57;49;201;8;6;17;407;113;100;7;12;93;87;5;3;0;0
57;214;2112;23;50;76;1887;758;670;17;9;34;27;4;8;16;16
57;54;2979;25;37;50;1647;1929;1688;19;52;1898;1675;22;8;12;12
57;259;4463;39;99;140;3395;3238;2522;32;156;3142;2472;30;8;24;40
57;10;5;1;0;1;23;0;0;-1;3;2;2;1;0;0;0
57;116;1163;18;30;42;421;464;406;11;21;272;247;8;26;0;26
57;143;372;11;11;32;480;53;48;4;6;6;5;2;0;0;7
57;104;539;13;17;43;850;259;207;9;28;208;185;7;0;16;64
57;146;1348;19;33;64;2086;795;699;15;56;748;662;13;30;12;0
57;82;576;10;10;11;141;150;144;5;7;110;106;4;0;0;0
57;93;480;12;13;24;540;225;167;7;18;160;118;7;16;0;0
57;82;977;17;20;1;-1;1;1;1;21;380;357;13;0;8;0
57;111;180;8;3;40;983;116;96;6;37;113;94;6;4;0;16
57;333;4936;40;118;131;2420;2129;1111;26;128;1709;935;24;5;2;3
57;322;14893;61;169;188;5983;8452;6716;46;168;7583;6068;43;50;30;40
57;118;577;12;13;14;-1;73;71;4;8;37;35;4;0;8;16
57;35;88;6;2;3;29;0;0;-1;1;1;1;1;0;0;0
57;496;1842;17;38;321;2255;856;511;13;65;86;65;5;36;108;27
57;170;1664;20;32;37;1091;289;271;9;5;38;38;4;0;24;0
57;28;89;6;2;25;179;36;36;3;13;31;31;3;0;2;0
57;75;233;8;5;28;407;100;81;6;18;66;58;6;8;0;4
57;66;276;9;8;34;542;45;29;3;25;25;14;3;0;0;0
57;51;1350;20;28;38;486;623;463;13;34;599;429;13;8;20;8
58;34;52;5;1;15;147;14;14;3;11;2;2;1;0;0;0
58;179;739;12;16;33;852;195;194;6;9;3;3;1;27;0;9
58;344;3856;35;79;107;3614;2093;1459;25;4;105;83;4;9;72;9
58;171;1248;20;37;64;1127;577;382;14;89;881;599;18;0;10;0
58;73;219;7;4;40;413;38;36;4;12;4;4;1;0;0;20
58;199;785;10;11;28;475;185;184;6;22;115;114;5;0;0;30
58;42;17;2;0;19;331;1;1;1;4;0;-1;0;0;0;0
58;98;814;19;31;40;962;544;410;15;3;18;18;1;0;0;63
58;160;1321;20;44;110;1276;1020;716;19;110;956;631;18;8;24;120
58;76;118;7;4;18;192;17;17;2;5;10;10;2;9;0;0
58;53;166;7;5;31;550;51;48;3;53;72;71;5;12;12;24
58;189;930;13;23;45;1253;268;238;6;33;197;172;6;27;63;63
58;1084;11679;47;237;586;9241;6995;4571;35;520;6588;4298;35;40;80;480
58;231;2574;18;43;66;2091;379;353;10;29;201;193;8;24;8;8
58;212;416;10;11;76;944;71;63;5;37;20;20;3;10;0;20
58;140;933;16;22;39;625;193;99;8;42;190;89;8;0;0;8
58;130;817;15;21;27;348;226;215;9;2;10;10;1;0;6;0
58;94;492;7;6;11;254;45;45;2;7;32;32;2;0;0;7
58;105;805;16;19;26;468;78;61;4;1;0;-1;0;11;0;11
58;260;5498;47;115;171;4107;4036;2886;38;163;3924;2827;38;54;18;12
58;161;1755;23;50;88;2712;1005;751;19;91;912;669;17;12;15;12
58;120;503;12;15;31;394;74;62;5;12;27;26;4;4;0;4
58;30;38;4;0;2;38;1;1;1;1;0;-1;0;0;0;0
58;56;392;9;9;4;103;21;21;2;2;3;3;1;0;0;0
58;136;5693;31;46;137;2117;3857;2230;34;129;3685;2143;32;35;80;10
58;29;409;11;11;16;286;142;125;6;17;153;133;6;30;0;0
58;27;22;3;1;15;144;5;5;2;12;5;5;1;0;7;21
58;127;481;13;16;53;946;353;303;11;58;303;265;10;0;15;5
59;115;683;14;18;24;391;32;27;4;4;1;1;1;0;0;0
59;20;38;4;0;10;61;19;19;2;5;2;2;1;0;0;0
59;260;4859;38;102;95;2968;1765;1300;23;125;2350;1702;26;24;12;0
59;61;344;12;12;16;-1;57;50;4;5;7;7;2;14;0;14
59;217;1215;15;29;57;903;297;277;9;62;218;211;7;9;27;0
59;211;4399;32;87;136;3945;2927;2156;27;145;2777;2000;27;24;24;100
59;65;286;8;5;56;450;186;156;7;15;144;103;6;0;36;0
59;47;84;5;3;12;215;24;23;2;3;0;-1;0;0;8;8
59;48;358;11;13;13;570;83;79;6;10;58;56;5;0;0;0
59;21;179;5;4;4;43;24;23;3;5;9;9;2;6;0;0
59;67;152;8;5;18;270;30;25;3;11;11;11;2;10;0;10
59;293;1713;20;38;44;919;520;375;13;24;326;250;10;0;0;0
59;145;1014;17;25;80;1129;723;523;15;84;856;592;17;0;22;77
59;194;1156;19;39;80;1091;509;366;12;1;0;-1;0;33;0;0
59;187;8674;39;67;88;3850;4713;3876;30;77;4541;3764;30;3;13;1
59;23;357;6;6;60;768;583;507;12;51;381;319;12;3;6;9
59;167;1995;28;53;86;1888;1394;1113;23;100;1444;1157;24;20;8;32
59;1109;9683;42;234;46;892;163;152;6;10;10;10;2;0;0;0
59;109;1040;17;36;64;1093;532;384;13;70;570;388;13;12;18;12
59;94;1514;21;34;40;963;698;638;13;5;41;41;4;32;24;16
59;117;1625;22;34;46;800;827;408;17;35;641;325;14;13;13;0
59;88;1131;19;29;39;1047;726;473;15;31;611;413;14;35;7;7
59;114;2395;28;47;28;703;155;112;7;5;9;9;2;25;25;0
59;295;1430;18;38;33;314;84;80;5;1;0;-1;0;0;0;6
60;153;825;14;22;48;861;163;148;8;6;3;3;1;8;24;0
60;49;87;6;5;5;133;6;6;2;1;1;1;1;0;0;2
60;272;2250;27;60;113;1891;1779;1534;23;108;1650;1423;23;4;24;32
60;137;1045;16;35;91;812;424;297;10;54;211;168;8;0;0;120
60;207;3017;33;52;100;1410;2229;816;27;104;2555;840;29;0;9;45
60;103;1089;15;22;48;733;1131;1026;13;33;111;92;6;0;12;48
60;56;1285;19;27;52;1123;634;410;14;44;491;321;13;0;15;30
60;177;5028;42;105;136;3783;3542;2448;36;46;278;242;9;10;40;30
60;64;132;7;3;28;285;51;50;5;1;1;1;1;9;0;0
60;22;225;8;8;22;505;102;87;6;16;49;41;4;156;0;52
60;75;188;8;5;1;27;3;3;1;2;0;-1;0;0;0;10
60;172;522;12;18;51;808;73;67;5;1;0;-1;0;0;0;7
60;180;3188;30;73;61;2649;1055;816;20;55;830;657;16;248;310;248
60;141;1409;15;24;42;1094;46;43;4;8;2;2;1;0;7;0
60;18;21;2;1;3;99;0;0;-1;3;1;1;1;0;0;0
60;36;79;6;2;0;-1;0;0;-1;21;120;108;7;0;0;0
60;57;742;17;24;18;666;308;189;11;6;21;21;2;0;5;20
60;111;1139;18;31;56;1383;406;359;11;21;185;161;7;30;0;40
60;116;267;9;9;15;317;6;6;1;5;1;1;1;0;0;0
61;204;1316;16;23;46;1024;825;743;13;25;226;216;9;0;28;0
61;49;248;7;7;12;346;11;11;2;1;0;-1;0;0;0;0
61;119;609;10;10;49;607;178;163;6;13;37;34;3;36;0;24
61;92;668;15;24;23;1010;185;136;9;18;172;125;9;0;7;14
61;39;326;8;6;14;198;72;54;3;6;6;6;2;0;8;0
61;228;3888;33;70;81;1512;2449;1837;28;86;2099;1634;26;0;112;84
61;71;814;12;15;23;389;168;153;8;3;6;6;2;0;0;0
61;95;976;17;22;53;931;652;539;16;16;359;304;10;35;5;15
61;105;1675;22;33;27;846;627;440;12;24;627;425;12;0;0;33
61;89;476;13;18;27;352;126;115;7;20;92;86;6;36;9;9
61;39;770;13;19;26;382;220;200;8;2;11;8;2;0;0;7
61;84;2512;23;32;50;1203;1554;994;17;55;1769;1159;19;0;16;0
61;109;851;14;20;45;306;244;204;9;4;16;16;2;6;0;6
61;92;591;14;16;50;401;181;132;7;40;72;59;5;40;8;96
61;31;113;6;3;20;116;65;60;4;5;30;29;2;0;2;2
61;262;5722;45;129;166;3970;3935;2868;35;8;74;73;6;30;85;35
61;40;145;6;5;17;180;47;45;2;6;22;22;2;0;0;0
61;254;3256;29;66;87;2371;2099;1393;25;74;1893;1326;24;4;40;36
61;97;785;16;27;46;1870;523;405;14;43;455;355;12;24;72;52
61;64;291;10;10;19;268;74;63;5;4;4;3;1;0;0;0
62;478;28721;87;245;259;7437;13377;8396;66;272;13635;8484;64;12;120;24
62;160;875;15;24;104;888;456;360;13;71;329;268;10;54;144;18
62;82;466;11;16;22;846;188;173;8;18;93;85;6;12;0;36
62;90;1333;22;40;54;1250;792;420;16;71;906;505;18;10;0;15
62;416;6417;40;119;199;4006;3266;1860;30;232;3714;2125;34;0;85;10
62;69;241;8;7;10;-1;68;66;5;1;0;-1;0;16;8;0
62;264;3355;27;80;160;1953;776;597;15;66;292;231;9;30;6;12
62;186;376;9;9;33;402;68;65;4;20;8;8;1;0;0;0
62;26;202;5;5;14;142;116;116;5;5;50;50;3;6;0;0
62;74;391;10;11;39;498;217;196;9;25;111;102;7;14;21;0
62;200;995;16;36;77;1060;671;609;14;71;639;594;14;0;7;0
62;69;453;11;12;25;628;78;76;5;15;42;40;4;0;0;0
62;90;792;17;25;58;760;650;403;16;58;633;402;16;0;0;7
62;45;70;4;2;10;127;29;27;3;2;1;1;1;0;14;0
62;403;4591;35;101;136;2265;894;649;15;62;337;281;10;0;46;23
62;136;707;14;26;2;10;0;0;-1;17;20;20;2;4;8;0
62;124;1491;21;33;47;1076;761;647;16;45;680;573;15;14;49;14
62;201;1274;20;41;116;1056;1157;804;19;84;975;656;16;18;3;12
62;105;1778;25;45;35;1378;601;527;15;23;549;494;15;0;1;5
62;265;1900;18;36;112;1052;494;416;10;41;560;515;10;2;0;3
62;42;280;9;9;61;1021;473;410;12;7;53;51;4;117;0;9
62;102;516;12;13;36;602;255;224;9;29;220;191;8;6;0;0
62;47;684;12;15;33;354;332;242;8;30;323;236;9;0;24;0
63;72;604;15;24;48;732;420;243;12;50;490;292;14;0;0;0
63;88;243;9;9;28;545;121;108;7;29;137;121;6;10;0;0
63;97;655;16;19;3;17;1;1;1;39;232;213;9;0;5;10
63;383;3663;30;95;174;2651;1874;1172;22;138;1590;973;21;0;110;99
63;460;5997;39;107;150;3252;3187;1738;30;34;815;496;14;26;156;0
63;53;1033;10;13;20;252;114;77;7;9;26;22;3;0;18;0
63;63;639;15;19;20;704;233;201;8;13;222;208;9;60;0;60
63;101;956;18;32;79;1388;737;471;16;76;958;751;17;16;64;16
63;198;952;17;33;73;893;512;407;13;78;479;379;13;0;0;9
63;215;3854;32;73;125;1808;2773;1970;26;126;2637;1803;26;2;8;8
63;77;773;16;23;16;660;196;138;7;14;147;104;7;14;14;0
63;148;1154;16;29;33;711;630;551;11;24;651;563;11;0;0;3
63;108;1071;17;27;70;832;704;590;15;21;34;33;3;18;24;6
64;397;8803;38;95;69;1737;2552;2071;24;4;6;6;2;107;107;0
64;170;3189;34;85;109;2471;2411;1110;29;98;2349;1077;27;25;30;30
64;156;1015;17;32;116;1572;622;342;12;99;494;274;12;0;14;112
64;124;723;15;26;38;981;259;242;10;15;51;50;5;30;18;12
64;140;2906;25;43;45;943;1230;812;18;38;986;699;16;18;0;12
64;114;1015;14;21;42;594;355;280;8;10;31;30;3;0;0;19
64;180;3270;34;72;120;2454;2463;1927;29;123;2368;1871;28;22;110;66
64;294;10535;54;136;183;2930;7448;5210;46;183;7055;5001;45;175;150;100
64;18;160;8;6;17;740;167;140;8;9;91;68;6;9;0;18
64;291;964;16;28;88;1848;627;464;14;84;640;469;13;0;0;6
64;67;253;10;12;28;359;198;172;9;26;179;155;9;35;0;0
64;392;1319;19;38;83;1262;177;149;9;27;41;35;3;54;90;162
64;150;447;12;14;117;1112;199;183;8;1;0;-1;0;0;20;0
64;55;276;10;10;20;275;112;85;7;19;84;62;6;0;14;14
64;177;1537;16;21;82;1410;833;754;11;9;46;45;2;40;24;8
65;233;3301;33;53;81;1773;1821;1212;22;1;3;3;1;400;500;300
65;1;22;1;1;52;714;30;28;3;24;3;1;1;0;0;0
65;73;204;7;4;13;219;23;21;2;10;13;11;2;0;24;24
65;129;1808;21;47;18;258;337;258;6;1;4;4;1;0;0;0
65;60;553;12;19;4;175;43;42;2;10;12;11;2;0;0;36
65;126;680;15;22;18;377;54;51;4;2;0;-1;0;0;0;17
65;163;1567;23;42;76;1421;862;618;16;74;903;643;16;0;20;5
65;53;173;7;3;22;269;24;24;3;2;1;1;1;0;0;0
65;133;531;11;14;39;733;146;139;5;10;1;1;1;0;9;45
65;87;427;10;10;49;495;158;146;5;4;1;1;1;0;14;0
65;88;2441;24;34;35;1319;1333;1023;15;30;1245;965;15;0;0;57
65;119;2232;27;55;77;1994;1534;1167;21;80;1480;1133;21;78;39;39
65;109;2249;26;56;79;2133;1628;1279;23;82;1854;1426;26;56;35;21
65;108;444;14;16;67;555;287;229;11;32;164;144;8;0;0;0
65;90;665;16;26;49;1103;474;320;13;2;14;13;2;0;16;0
65;245;496;11;12;17;190;53;41;5;12;39;34;4;6;12;12
65;59;632;8;6;10;230;67;67;4;5;47;47;3;0;6;0
65;91;830;16;31;57;1425;506;372;12;18;95;71;6;42;54;72
65;273;2522;26;49;120;1733;1278;1000;20;96;1012;801;18;45;18;0
65;114;815;15;28;25;1162;115;100;5;8;9;5;2;0;105;35
66;103;1458;18;39;58;529;501;398;10;42;410;331;10;0;42;84
66;412;9272;56;144;113;2728;3788;2940;37;103;3552;2759;37;6;0;0
66;505;3796;33;112;119;2618;1171;769;21;115;1008;635;18;105;40;30
66;178;10843;28;52;83;1538;1212;1088;16;77;887;822;14;0;3;3
66;502;7229;46;142;254;3727;5440;4214;40;14;271;265;7;52;182;52
66;135;602;12;15;31;386;166;152;7;11;23;22;3;0;0;0
66;92;2063;25;43;55;1171;1442;940;23;83;1706;1085;24;0;24;6
66;216;1793;26;52;57;2079;681;538;16;82;1118;817;21;9;27;0
66;112;438;10;11;12;309;84;84;5;10;37;37;3;20;5;30
67;596;8622;44;217;309;6928;5874;3334;36;356;7095;3746;40;40;30;50
67;298;3037;27;77;159;1481;991;620;15;124;863;568;14;0;21;84
67;316;6904;37;110;111;3458;3681;3092;25;137;3778;3164;25;72;28;20
67;283;1339;19;42;106;1663;363;304;10;35;45;44;4;0;14;42
67;212;932;16;26;77;1138;543;498;13;48;401;375;11;0;3;0
67;180;948;18;39;102;-1;360;323;10;10;14;13;3;0;18;18
67;158;1199;19;34;75;1282;1019;798;19;58;766;570;16;3;0;21
67;68;1649;24;31;73;2499;1862;1603;22;102;1866;1591;24;12;9;45
67;152;2513;24;57;130;1849;1649;1358;18;134;1743;1407;19;0;78;52
67;59;380;9;8;19;281;204;181;8;4;4;4;1;0;0;96
68;306;4368;30;105;102;4260;1554;1093;18;52;1020;835;14;63;7;21
68;213;1602;23;45;98;1309;923;737;18;70;745;607;17;4;4;16
68;135;5447;39;76;95;1682;3858;2185;34;15;298;264;10;0;0;9
68;110;758;17;25;49;751;527;338;15;51;527;337;15;0;20;5
68;182;5207;45;106;115;2375;3945;2304;39;119;4183;2437;40;15;25;15
68;273;471;11;14;29;778;172;164;6;22;130;127;7;6;0;3
68;243;6726;42;109;129;3660;5067;3674;40;187;5247;3813;40;108;36;48
68;154;451;11;16;52;828;63;62;6;11;3;3;1;0;5;0
68;129;1113;16;29;18;388;20;20;3;3;3;3;1;0;0;14
68;167;2208;18;31;25;632;577;528;8;15;450;426;6;0;0;0
68;104;249;8;7;7;283;3;3;1;1;0;-1;0;0;0;6
69;95;1545;23;38;33;417;303;266;9;31;414;338;10;14;14;0
69;58;231;7;4;26;261;155;145;5;4;6;6;2;92;0;0
69;69;143;6;2;15;142;46;45;4;15;33;33;3;0;0;0
69;240;3242;29;97;172;3762;2785;1915;28;164;2419;1669;27;40;30;25
69;206;6345;40;113;144;-1;3663;2837;32;161;5435;3993;36;10;15;25
69;175;608;14;18;32;588;143;136;6;16;65;63;4;7;7;7
69;66;463;12;13;44;1128;401;371;11;53;404;378;10;0;4;12
70;427;5164;39;103;116;2683;2606;2208;29;47;199;190;9;70;98;112
70;195;805;14;26;68;974;484;388;11;1;1;1;1;0;0;0
70;58;180;7;4;7;86;7;6;2;2;1;1;1;0;0;0
70;55;169;5;2;7;94;11;11;2;5;4;4;1;0;0;0
70;127;2715;32;66;79;2299;1912;1181;27;13;136;109;8;10;20;0
70;202;1925;22;57;140;1034;841;653;15;3;8;8;1;56;0;0
70;50;340;10;10;41;616;240;233;8;9;59;59;3;6;6;6
70;47;306;11;13;30;139;163;68;8;29;164;62;9;0;18;0
71;102;845;15;27;29;1704;326;181;11;12;52;30;6;1;0;3
71;296;3681;34;98;159;1994;2041;1290;24;116;1380;894;20;96;160;16
71;349;4756;41;111;180;4190;3381;1559;34;166;3257;1519;33;198;99;99
71;121;1431;22;34;93;955;897;548;18;47;505;317;13;54;18;12
71;167;2160;28;44;52;2368;997;860;19;2;0;-1;0;0;21;7
71;141;1698;22;52;19;905;124;106;6;9;7;7;2;0;3;9
72;162;814;15;33;111;1270;559;266;11;115;888;397;16;0;0;8
72;302;6256;44;124;150;3859;4110;2816;36;12;93;91;5;0;7;28
72;73;752;15;28;9;257;23;16;4;10;19;18;3;0;4;0
72;100;1184;11;12;2;40;73;73;2;6;10;10;2;0;0;4
72;3000;12031;43;286;51;1326;596;541;13;142;1659;1222;24;0;210;756
72;543;2927;28;84;50;1071;542;486;13;27;230;216;8;3;0;12
72;157;310;10;10;73;667;208;160;9;17;21;21;3;0;0;0
73;100;2523;22;43;22;994;345;306;10;13;75;74;4;0;0;5
73;97;341;10;10;43;507;174;145;8;5;7;6;2;10;0;0
73;241;2300;26;68;131;1868;1331;924;21;145;1383;932;21;0;0;18
73;117;572;12;14;22;332;74;74;3;6;2;2;1;0;0;49
73;95;1595;19;39;23;1289;367;284;8;1;2;2;1;5;0;0
73;225;3244;33;77;132;5491;2098;1908;26;27;315;312;10;16;28;20
74;121;4659;21;37;42;729;299;264;8;14;136;126;5;0;0;14
74;363;2601;28;68;159;2237;2050;1365;24;169;2101;1397;24;0;51;17
74;253;1182;17;41;115;1049;741;480;13;132;842;512;14;0;6;66
74;220;1585;23;49;65;1409;605;409;16;6;45;45;2;0;20;0
75;228;3206;21;48;68;777;471;434;10;28;286;274;8;0;53;0
75;236;6483;40;114;6;488;114;101;5;4;18;18;2;0;19;19
76;111;758;16;21;3;82;18;18;3;2;7;7;1;0;6;0
77;119;2165;22;47;76;712;1094;808;17;4;28;28;2;0;0;18
77;185;4685;43;102;118;2498;3171;1798;34;116;3427;2076;35;40;24;0
77;55;633;14;18;11;168;20;18;2;2;3;3;1;0;0;0
78;9;109;6;4;17;275;61;59;5;7;18;16;2;0;4;4
78;247;6338;44;105;87;2860;2327;1521;27;49;1131;814;17;30;20;10
78;434;11694;59;153;246;4651;8419;5600;50;213;7675;5239;50;8;16;8
79;281;3842;37;89;103;2128;1703;1292;23;27;210;152;9;0;32;64
79;179;1911;22;60;19;470;135;134;6;4;22;21;3;0;0;38
80;211;3193;30;64;105;1432;1953;912;24;10;127;115;4;0;15;15
80;129;474;11;12;63;739;316;304;10;4;4;4;1;0;0;0
81;88;356;9;8;13;283;114;113;4;18;113;113;5;0;0;0
84;470;15612;42;114;279;5782;5575;4446;32;213;9732;7521;32;0;16;12
85;343;2249;25;72;129;2209;1412;1263;21;143;1736;1577;23;36;60;36
86;318;1213;16;43;117;1492;813;509;14;110;884;531;15;0;9;0
